{
  "style": [
    {
      "selector": "node",
      "style": {
        "label": "data(Type)",
        "height": 15,
        "width": 15,
        "text-valign": "bottom",
        "text-halign": "center",
        "text-opacity": 10,
        "text-wrap": "wrap",
        "font-size": "3px",
        "color": "#ffffff",
        "background-fit": "cover",
        "text-background-opacity": 1,
        "text-background-color": "#353638",
        "text-background-padding": 1.5,
        "text-background-shape": "roundrectangle"

      }
    },
    {
      "selector": ".neighbourcount1",
      "style": {
        "label": "data(count)",
        "text-valign": "top",
        "text-halign": "center",
        "text-opacity": 10,
        "font-size": "5px",
        "color": "#ffffff",
        "text-outline-color": "#404347",
        "text-outline-width": 3,
        "text-margin-y": -3
      }
    },
    {
      "selector": ":parent",
      "css": {
        "background-opacity": 0,
        "border-width": 0,
        "label": "data(count)",
        "text-valign": "top",
        "text-halign": "center",
        "text-margin-y": 10
      }
    },
    {
      "selector": "edge",
      "style": {
        "width": 1,
        "curve-style": "bezier",
        "label": "data(label)",
        "line-color": "#9ca1a6",
        "target-arrow-shape": "triangle",
        "arrow-scale": 0.4,
        "text-rotation": "autorotate"


      }
    },

    {
      "selector": ".edgetext",
      "style": {
        "color": "#ffffff",
        "font-size": "3px",
        "text-outline-color": "#404347",
        "text-outline-width": 1
      }
    },
    {
      "selector": "#glyph0",
      "css": {
        "background-image": "https://live.staticflickr.com/1261/1413379559_412a540d29_b.jpg"
      }
    },
    {
      "selector": "#glyph1",
      "css": {
        "background-image": "https://live.staticflickr.com/2660/3715569167_7e978e8319_b.jpg"
      }
    },
    {
      "selector": "#glyph2",
      "css": {
        "background-image": "https://live.staticflickr.com/2660/3715569167_7e978e8319_b.jpg"
      }
    },
    {
      "selector": "#glyph3",
      "css": {
        "background-image": "https://live.staticflickr.com/2660/3715569167_7e978e8319_b.jpg"
      }
    },
    {
      "selector": "#glyph4",
      "css": {
        "background-image": "https://live.staticflickr.com/2660/3715569167_7e978e8319_b.jpg"
      }
    },
    {
      "selector": "#glyph5",
      "css": {
        "background-image": "https://live.staticflickr.com/2660/3715569167_7e978e8319_b.jpg"
      }
    },
    {
      "selector": "#glyph6",
      "css": {
        "background-image": "https://live.staticflickr.com/2660/3715569167_7e978e8319_b.jpg"
      }
    },
    {
      "selector": "#glyph7",
      "css": {
        "background-image": "https://live.staticflickr.com/2660/3715569167_7e978e8319_b.jpg"
      }
    },
    {
      "selector": "#glyph8",
      "css": {
        "background-image": "https://live.staticflickr.com/2660/3715569167_7e978e8319_b.jpg"
      }
    },
    {
      "selector": "#glyph9",
      "css": {
        "background-image": "https://live.staticflickr.com/2660/3715569167_7e978e8319_b.jpg"
      }
    }

  ],
  "elements": [

    {
      "data": {
        "id": "glyph0",
        "count": "9",
        "Type": "PAEEntity\npae32153258325532",
        "parent": "1"
      },
      "position": {
        "x": 0,
        "y": 0
      },
      "group": "nodes",
      "removed": false,
      "selected": false,
      "selectable": true,
      "locked": false,
      "grabbed": false,
      "grabbable": true,
      "classes": "neighbourcount"

    },
    {
      "data": {
        "id": "1",
        "count": "9"

      }

    },
    {
      "data": {
        "id": "glyph1",
        "count": "9",
        "Type": "PEEntity\npe74576546325532",
        "parent": "2"
      },
      "position": {
        "x": 0,
        "y": 0
      },
      "group": "nodes",
      "removed": false,
      "selected": false,
      "selectable": true,
      "locked": false,
      "grabbed": false,
      "grabbable": true,
      "classes": "neighbourcount"
    },
    {
      "data": {
        "id": "2",
        "count": "9"

      }

    },
    {
      "data": {
        "id": "glyph2",
        "count": "9",
        "Type": "Account\n9877546325532",
        "parent": "3"
      },
      "position": {
        "x": 0,
        "y": 0
      },
      "group": "nodes",
      "removed": false,
      "selected": false,
      "selectable": true,
      "locked": false,
      "grabbed": false,
      "grabbable": true,
      "classes": "neighbourcount"
    },
    {
      "data": {
        "id": "3",
        "count": "9"

      }

    },
    {
      "data": {
        "id": "glyph3",
        "count": "9",
        "Type": "TIN\ndsfdsfh3248732sahsa8",
        "parent": "4"
      },
      "position": {
        "x": 0,
        "y": 0
      },
      "group": "nodes",
      "removed": false,
      "selected": false,
      "selectable": true,
      "locked": false,
      "grabbed": false,
      "grabbable": true,
      "classes": "neighbourcount"
    },
    {
      "data": {
        "id": "4",
        "count": "9"

      }

    },
    {
      "data": {
        "id": "glyph4",
        "count": "9",
        "Type": "Application\n643543325532",
        "parent": "5"
      },
      "position": {
        "x": 0,
        "y": 0
      },
      "group": "nodes",
      "removed": false,
      "selected": false,
      "selectable": true,
      "locked": false,
      "grabbed": false,
      "grabbable": true,
      "classes": "neighbourcount"
    },
    {
      "data": {
        "id": "5",
        "count": "9"

      }

    },
    {
      "data": {
        "id": "glyph5",
        "count": "9",
        "Type": "Address\n7360 gallagher dr\nedina 55435",
        "parent": "6"
      },
      "position": {
        "x": 0,
        "y": 0
      },
      "group": "nodes",
      "removed": false,
      "selected": false,
      "selectable": true,
      "locked": false,
      "grabbed": false,
      "grabbable": true,
      "classes": "neighbourcount"
    },
    {
      "data": {
        "id": "6",
        "count": "9"

      }

    },
    {
      "data": {
        "id": "glyph6",
        "count": "7",
        "Type": "Phone\n7815242272",
        "parent": "7"
      },
      "position": {
        "x": 0,
        "y": 0
      },
      "group": "nodes",
      "removed": false,
      "selected": false,
      "selectable": true,
      "locked": false,
      "grabbed": false,
      "grabbable": true,
      "classes": "neighbourcount"
    },
    {
      "data": {
        "id": "7",
        "count": "9"

      }

    },
    {
      "data": {
        "id": "glyph7",
        "count": "9",
        "Type": "LPID\n5345657588",
        "parent": "8"
      },
      "position": {
        "x": 0,
        "y": 0
      },
      "group": "nodes",
      "removed": false,
      "selected": false,
      "selectable": true,
      "locked": false,
      "grabbed": false,
      "grabbable": true,
      "classes": "neighbourcount"
    },
    {
      "data": {
        "id": "8",
        "count": "9"

      }

    },
    {
      "data": {
        "id": "glyph8",
        "count": "9",
        "Type": "ZelleToken\nmadesh.palani@usbank.com",
        "parent": "9"
      },
      "position": {
        "x": 0,
        "y": 0
      },
      "group": "nodes",
      "removed": false,
      "selected": false,
      "selectable": true,
      "locked": false,
      "grabbed": false,
      "grabbable": true,
      "classes": "neighbourcount"
    },
    {
      "data": {
        "id": "9",
        "count": "9"

      }

    },
    {
      "data": {
        "id": "glyph9",
        "count": "9",
        "Type": "Case\n32213-324321-3213-2313",
        "parent": "10"
      },
      "position": {
        "x": 0,
        "y": 0
      },
      "group": "nodes",
      "removed": false,
      "selected": false,
      "selectable": true,
      "locked": false,
      "grabbed": false,
      "grabbable": true,
      "classes": "neighbourcount"
    },
    {
      "data": {
        "id": "10",
        "count": "9"

      }

    },

    {
      "data": {
        "id": "e22",
        "sbgnclass": "catalysis",
        "sbgncardinality": 0,
        "source": "glyph0",
        "target": "glyph1",
        "portsource": "glyph0",
        "porttarget": "glyph1",
        "label": "PAEEntity_To_PEEnitty"
      },
      "position": {},
      "group": "edges",
      "removed": false,
      "selected": false,
      "selectable": true,
      "locked": false,
      "grabbed": false,
      "grabbable": true,
      "classes": "edgetext"
    },
    {
      "data": {
        "id": "e23",
        "sbgnclass": "consumption",
        "sbgncardinality": 0,
        "source": "glyph0",
        "target": "glyph2",
        "portsource": "glyph0",
        "porttarget": "glyph2",
        "label": "PAEEntity_To_Account"
      },
      "position": {},
      "group": "edges",
      "removed": false,
      "selected": false,
      "selectable": true,
      "locked": false,
      "grabbed": false,
      "grabbable": true,
      "classes": "edgetext"
    },
    {
      "data": {
        "id": "e24",
        "sbgnclass": "production",
        "sbgncardinality": 0,
        "source": "glyph0",
        "target": "glyph3",
        "portsource": "glyph0",
        "porttarget": "glyph3",
        "label": "PAEEntity_To_TIN"
      },
      "position": {},
      "group": "edges",
      "removed": false,
      "selected": false,
      "selectable": true,
      "locked": false,
      "grabbed": false,
      "grabbable": true,
      "classes": "edgetext"
    },
    {
      "data": {
        "id": "e25",
        "sbgnclass": "consumption",
        "sbgncardinality": 0,
        "source": "glyph0",
        "target": "glyph4",
        "portsource": "glyph0",
        "porttarget": "glyph4",
        "label": "PAEEntity_To_Application"
      },
      "position": {},
      "group": "edges",
      "removed": false,
      "selected": false,
      "selectable": true,
      "locked": false,
      "grabbed": false,
      "grabbable": true,
      "classes": "edgetext"
    },
    {
      "data": {
        "id": "e26",
        "sbgnclass": "production",
        "sbgncardinality": 0,
        "source": "glyph0",
        "target": "glyph5",
        "portsource": "glyph0",
        "porttarget": "glyph5",
        "label": "PAEEntity_To_Address"
      },
      "position": {},
      "group": "edges",
      "removed": false,
      "selected": false,
      "selectable": true,
      "locked": false,
      "grabbed": false,
      "grabbable": true,
      "classes": "edgetext"
    },
    {
      "data": {
        "id": "e27",
        "sbgnclass": "production",
        "sbgncardinality": 0,
        "source": "glyph0",
        "target": "glyph6",
        "portsource": "glyph0",
        "porttarget": "glyph6",
        "label": "PAEEntity_To_Phone"
      },
      "position": {},
      "group": "edges",
      "removed": false,
      "selected": false,
      "selectable": true,
      "locked": false,
      "grabbed": false,
      "grabbable": true,
      "classes": "edgetext"
    },
    {
      "data": {
        "id": "e27",
        "sbgnclass": "production",
        "sbgncardinality": 0,
        "source": "glyph0",
        "target": "glyph6",
        "portsource": "glyph0",
        "porttarget": "glyph6",
        "label": "PAEEntity_To_Email"
      },
      "position": {},
      "group": "edges",
      "removed": false,
      "selected": false,
      "selectable": true,
      "locked": false,
      "grabbed": false,
      "grabbable": true,
      "classes": "edgetext"
    },
    {
      "data": {
        "id": "e28",
        "sbgnclass": "production",
        "sbgncardinality": 0,
        "source": "glyph0",
        "target": "glyph7",
        "portsource": "glyph0",
        "porttarget": "glyph7",
        "label": "PAEEntity_To_LPID"
      },
      "position": {},
      "group": "edges",
      "removed": false,
      "selected": false,
      "selectable": true,
      "locked": false,
      "grabbed": false,
      "grabbable": true,
      "classes": "edgetext"
    },
    {
      "data": {
        "id": "e29",
        "sbgnclass": "production",
        "sbgncardinality": 0,
        "source": "glyph0",
        "target": "glyph8",
        "portsource": "glyph0",
        "porttarget": "glyph8",
        "label": "PAEEntity_To_ZelleToken"
      },
      "position": {},
      "group": "edges",
      "removed": false,
      "selected": false,
      "selectable": true,
      "locked": false,
      "grabbed": false,
      "grabbable": true,
      "classes": "edgetext"
    },
    {
      "data": {
        "id": "e30",
        "sbgnclass": "production",
        "sbgncardinality": 0,
        "source": "glyph0",
        "target": "glyph9",
        "portsource": "glyph0",
        "porttarget": "glyph9",
        "label": "PAEEntity_To_Case"
      },
      "position": {},
      "group": "edges",
      "removed": false,
      "selected": false,
      "selectable": true,
      "locked": false,
      "grabbed": false,
      "grabbable": true,
      "classes": "edgetext"
    },
    {
      "data": {
        "id": "e31",
        "sbgnclass": "production",
        "sbgncardinality": 0,
        "source": "glyph0",
        "target": "glyph10",
        "portsource": "glyph0",
        "porttarget": "glyph10",
        "label": "PAEEntity_To_case"
      },
      "position": {},
      "group": "edges",
      "removed": false,
      "selected": false,
      "selectable": true,
      "locked": false,
      "grabbed": false,
      "grabbable": true,
      "classes": "edgetext"
    }

  ]
}
